id,title,year,source_id,rank,score,my_decision,total_decisions,include_count,exclude_count,maybe_count,has_conflict,final_decision,consensus_comment,consensus_resolved_by,consensus_resolved_at,consensus_is_auto,labels,my_note
471667,Activity-Centered Domain Characterization for Problem-Driven Scientific Visualization,2018,173,,,I,1,1,0,0,False,I,,,2026-05-28T17:42:19.565687+00:00,True,,
471626,Aligning Healthcare Innovation and Software Requirements through Design Thinking,2016,173,,,I,1,1,0,0,False,I,,,2026-05-28T17:42:18.622989+00:00,True,,
471628,A Novel Trust State-Chart Model for Requirements Engineering of Trustful AI - Empowered Software,2023,173,,,I,1,1,0,0,False,I,,,2026-05-28T17:42:18.698465+00:00,True,,
471754,Application of human-centered design practices in the agile requirements engineering process: a case study in a public company,2024,172,,,I,1,1,0,0,False,I,,,2026-05-28T17:42:21.477419+00:00,True,,
471612,A Usability-Pattern-Based Requirements-Analysis Method to Bridge the Gap between User Tasks and Application Features,2010,173,,,I,1,1,0,0,False,I,,,2026-05-28T17:42:18.305816+00:00,True,,
471657,“Can You Help Me Measure My Blood Sugar?” Co-design of a Voice Interface to Assist Patients and Caregivers at Home,2021,173,,,I,1,1,0,0,False,I,,,2026-05-28T17:42:19.378013+00:00,True,,
471690,Collaboration-based Urban Planning Platform: Modeling Cognition to Co-create Cities,2020,173,,,I,1,1,0,0,False,I,,,2026-05-28T17:42:20.089327+00:00,True,,
471618,Combining i* and Service Blueprint for Service design:a case study of Fliggy,2022,173,,,I,1,1,0,0,False,I,,,2026-05-28T17:42:18.441723+00:00,True,,
471777,Comparing Design Thinking Techniques in the Context of IoT Requirements Elicitation: An Empirical Study,2024,172,,,I,1,1,0,0,False,I,,,2026-05-28T17:42:21.987163+00:00,True,,
471591,Design and Development of the Ez Claim Mobile Application Through Human-Centered Design Thinking,2025,173,,,I,1,1,0,0,False,I,,,2026-05-28T17:42:17.643850+00:00,True,,
471774,Design for IoT: An Experimental Study to Understand How Design Thinking Can Help in the Elicitation of Requirements for IoT Systems,2023,172,,,I,1,1,0,0,False,I,,,2026-05-28T17:42:21.920822+00:00,True,,
471631,Designing a Useful and Usable Mobile EMR Application through a Participatory Design Methodology: A Case Study,2014,173,,,I,1,1,0,0,False,I,,,2026-05-28T17:42:18.809908+00:00,True,,
471670,Designing Model Tools of Requirement Elicitation Process for ADHD Children's Learning Application,2024,173,,,I,1,1,0,0,False,I,,,2026-05-28T17:42:19.619882+00:00,True,,
471614,Design science research based blended approach for usability driven requirements gathering and application development,2014,173,,,I,1,1,0,0,False,I,,,2026-05-28T17:42:18.353706+00:00,True,,
471611,Design Thinking in a Nutshell for Eliciting Requirements of a Business Process: A Case Study of a Design Thinking Workshop,2019,173,,,I,1,1,0,0,False,I,,,2026-05-28T17:42:18.272330+00:00,True,,
471613,Design Thinking in Requirements Engineering: Understanding the Role of Internal and External Empathy,2025,173,,,I,1,1,0,0,False,I,,,2026-05-28T17:42:18.331624+00:00,True,,
471605,Developing Software Using Agile and Design Thinking Framework,2020,173,,,I,1,1,0,0,False,I,,,2026-05-28T17:42:18.045253+00:00,True,,
471785,Discovery of socio-technical requirements for the design of a digital educational game,2023,172,,,I,1,1,0,0,False,I,,,2026-05-28T17:42:22.148072+00:00,True,,
471780,Evaluating Approaches to Selecting Design Thinking Techniques : Quantitative and Qualitative Analysis,2023,172,,,I,1,1,0,0,False,I,,,2026-05-28T17:42:22.043415+00:00,True,,
471768,Flexible Requirement Development through User Objectives in an Agile-UCD Hybrid Approach,2018,172,,,I,1,1,0,0,False,I,,,2026-05-28T17:42:21.802704+00:00,True,,
471672,Fostering Organizational Creativity by Integrating Design Thinking and Intrapreneurship,2025,173,,,I,1,1,0,0,False,I,,,2026-05-28T17:42:19.659717+00:00,True,,
471776,How Should We Design Technology With Diverse Stakeholders Who Wish Not to Attend Design Activities Together?,2025,172,,,I,1,1,0,0,False,I,,,2026-05-28T17:42:21.965092+00:00,True,,
471763,Identifying Agile Requirements Engineering Patterns in Industry,2017,172,,,I,1,1,0,0,False,I,,,2026-05-28T17:42:21.710768+00:00,True,,
471767,Identifying design features using combination of requirements elicitation techniques,2017,172,,,I,1,1,0,0,False,I,,,2026-05-28T17:42:21.787220+00:00,True,,
471787,Integrating Design Thinking into Scrum Framework in the Context of Requirements Engineering Management,2020,172,,,I,1,1,0,0,False,I,,,2026-05-28T17:42:22.192797+00:00,True,,
471624,Integrating requirements engineering and user experience design in Product life cycle Management,2012,173,,,I,1,1,0,0,False,I,,,2026-05-28T17:42:18.577154+00:00,True,,
471707,"mHealth4Afrika Beta v1 Validation in Rural and Deep Rural Clinics in Ethiopia, Kenya, Malawi and South Africa",2018,173,,,I,1,1,0,0,False,I,,,2026-05-28T17:42:20.404045+00:00,True,,
471731,Minimal Satisfiable Product: A Novel Concept in Agile Project Management for better adherence to Customer Requirements,2021,173,,,I,1,1,0,0,False,I,,,2026-05-28T17:42:20.926984+00:00,True,,
471608,Multifaceted Requirements Engineering: Developing A MESH (Municipal-Environmental-Social-Health) Platform,2022,173,,,I,1,1,0,0,False,I,,,2026-05-28T17:42:18.155585+00:00,True,,
471779,Organizing the Design Thinking Toolbox: Supporting the Requirements Elicitation Decision Making,2021,172,,,I,1,1,0,0,False,I,,,2026-05-28T17:42:22.025278+00:00,True,,
471606,Participatory design-based requirements elicitation involving people living with dementia towards a home-based platform to monitor emotional wellbeing,2017,173,,,I,1,1,0,0,False,I,,,2026-05-28T17:42:18.084639+00:00,True,,
471646,"Project-Based Learning with Real-World Projects for Requirements Engineering Education: A Case Study at a University in Lima, Peru",2025,173,,,I,1,1,0,0,False,I,,,2026-05-28T17:42:19.176059+00:00,True,,
471637,Smart City Citizens’ Service Provision using Participatory Design and Participatory Sensing: Lessons for Developing Cities,2020,173,,,I,1,1,0,0,False,I,,,2026-05-28T17:42:19.011774+00:00,True,,
471726,"Socially Aware Design Workshop to Discover Socio-Technical Requirements: Planning, Execution, and Results",2024,173,,,I,1,1,0,0,False,I,,,2026-05-28T17:42:20.828649+00:00,True,,
471801,The contribution of non-technical stakeholders on the specification of UX requirements: an experimental study using the proto-persona technique,2018,172,,,I,1,1,0,0,False,I,,,2026-05-28T17:42:22.608551+00:00,True,,
471617,The Role of Design Thinking and Physical Prototyping in Social Software Engineering,2015,173,,,I,1,1,0,0,False,I,,,2026-05-28T17:42:18.419626+00:00,True,,
471641,Toward Emotion-Oriented Requirements Engineering: A Case Study of a Virtual Clinics Application,2022,173,,,I,1,1,0,0,False,I,,,2026-05-28T17:42:19.084393+00:00,True,,
471781,Towards an understanding of benefits and challenges in the use of design thinking in requirements engineering,2021,172,,,I,1,1,0,0,False,I,,,2026-05-28T17:42:22.061562+00:00,True,,
471699,Towards Dementia-Friendly Smart Homes,2016,173,,,I,1,1,0,0,False,I,,,2026-05-28T17:42:20.253039+00:00,True,,
471638,When the Developers Become the (Micro) Crowd: An Educational Case Study on Multidisciplinary Requirements Engineering,2021,173,,,I,1,1,0,0,False,I,,,2026-05-28T17:42:19.030067+00:00,True,,
