orcid,display_name,affiliation,country,works_in_review
0000-0001-6436-3773,Tayana Conte,Universidade Federal do Amazonas,BR,8
0000-0002-3779-7143,José Carlos Maldonado,Universidade de São Paulo,BR,4
0000-0003-4071-8546,Meira Levy,Shenkar College of Engineering and Design,IL,4
0000-0002-7191-0226,Maria Alcimar Costa Meireles,Brazilian Society of Computational and Applied Mathematics,BR,4
0000-0002-0761-713X,Darelle van Greunen,Nelson Mandela University,ZA,3
0000-0002-4267-0235,Irit Hadar,University of Haifa,IL,3
0000-0002-4894-6095,Sabrina Souza,Universidade Federal do Amazonas,BR,3
0000-0002-3961-6377,Jennifer Hehn,University of St. Gallen,CH,2
0000-0002-6868-7465,Marcela Genero,University of Castilla-La Mancha,ES,2
,Miriam Cunningham,,,2
0000-0003-0459-0493,Harry Budi Santoso,University of Indonesia,ID,2
0000-0003-0565-708X,Binyam Tilahun,University of Gondar,ET,2
0000-0002-2251-9052,Alejandro Oliveros,National University of Tres de Febrero,AR,2
,Chiara Mannari,National Research Council,IT,2
,Paul Cunningham,,,2
0000-0001-9870-5858,Davide Bolchini,Indiana University – Purdue University Indianapolis,US,2
0000-0002-6939-6168,Chipo Kanjo,University of Malawi,MW,2
0000-0001-8493-1184,Emmanuel Kweyu,Strathmore University,KE,2
0000-0002-8055-8367,Antonio Krüger,German Research Centre for Artificial Intelligence,DE,2
0000-0003-2884-5606,Ezequiel Kahan,National University of Tres de Febrero,AR,2
0000-0002-8922-6975,Letícia Mara Peres,Universidade Federal do Paraná,BR,2
0000-0001-5732-9729,José Carlos Duarte,Universidade Federal do Amazonas,BR,2
0000-0002-4215-4417,Nungki Selviandro,Telkom University,ID,2
,Anderson Felipe Souza,Universidade Federal do Amazonas,BR,2
0000-0003-0714-1108,Erwin Halim,Binus University,ID,2
0000-0002-6027-3452,Natasha Valentim,Universidade Federal do Paraná,BR,2
0000-0002-7078-8513,Falk Uebernickel,University of St. Gallen,CH,2
0000-0001-9516-1461,Armein Z. R. Langi,Bandung Institute of Technology,ID,2
0000-0002-1736-544X,Luciana Zaina,Universidade Federal de São Carlos,BR,2
0000-0002-0850-8760,Dediek Tri Kurniawan,State University of Malang,ID,2
0000-0003-1670-4793,Peter Corcoran,Ollscoil na Gaillimhe – University of Galway,IE,2
0000-0002-9007-9888,Andreas Butz,LMU Klinikum,DE,2
0000-0002-2296-3401,Ralf Klamma,Fraunhofer Institute for Applied Information Technology,DE,2
0000-0001-5233-7113,Alexandre L’Erário,Universidade Tecnológica Federal do Paraná,BR,2
,Jawahar Balachandher,PES University,IN,1
,Ralf Ehret,,,1
,Dominik Strohmeier,Technische Universität Ilmenau,DE,1
0000-0002-8748-3927,Frank Elberzhager,Fraunhofer Institute for Experimental Software Engineering,DE,1
,Leon Eduardo D. Man,Mapúa University,PH,1
0000-0001-9095-9108,Alexandru Calotoiu,ETH Zurich,CH,1
0000-0001-9686-8936,Rubina Dutta,Chitkara University,IN,1
,Weldys Santos,Universidade Estadual do Maranhão,BR,1
0000-0002-2846-1365,Maria Angela Ferrario,Lancaster University,GB,1
,Sonny Lundahl,,,1
,Hidetoshi Kurihara,Fujitsu (Japan),JP,1
0000-0002-0352-1640,Arturo Forner‐Cordero,Universidade de São Paulo,BR,1
,Giorgio Ventre,,,1
0000-0003-2235-8743,Junsheng Qiu,Kyushu University,JP,1
0000-0001-8651-5424,G. de Haan,Rotterdam University of Applied Sciences,NL,1
0000-0001-8621-8526,Dyah Wahyu Sukmaningsih,Binus University,ID,1
0000-0002-7794-3395,T. Roy,Clemson University,US,1
0000-0002-6526-6630,Thomas Maier,University of Stuttgart,DE,1
,Omar Haggag,Monash University,AU,1
,Ryuichi Matsuba,Kumamoto University,JP,1
0000-0002-4536-8058,Abdelmajid Khelil,University of Applied Sciences Landshut,DE,1
,Yong Liang,Shenyang Jianzhu University,CN,1
0000-0003-2017-7842,David Shepherd,Louisiana State University,US,1
,Mikael Runonen,Aalto University,FI,1
0000-0003-4018-1857,Ahmad Musnansyah,Telkom University,ID,1
0000-0002-1329-156X,Robin De Croon,KU Leuven,BE,1
,E. Hensien,,,1
,Dominik Renzel,RWTH Aachen University,DE,1
0000-0003-1065-9565,Cléber Gimenez Corrêa,Universidade de São Paulo,BR,1
0000-0002-9957-4754,Atanas Georgiev,Sofia University "St. Kliment Ohridski",BG,1
0000-0001-7866-4075,Yun Ma,Peking University,CN,1
,Flore Norcéide,University of Massachusetts Lowell,US,1
,George A. Tsihrintzis,University of Piraeus,GR,1
0000-0002-4222-3523,Fabio Melillo,Engineering (Italy),IT,1
0000-0003-0839-4529,Jeevani Goonetillake,University of Colombo,LK,1
0000-0001-5451-3109,Walter Nakamura,Universidade Federal do Amazonas,BR,1
0009-0009-5090-1695,Aruna Ishara Gamage,Sri Lanka Institute of Information Technology,LK,1
0000-0001-9797-2161,Boris Bleijlevens,University of Amsterdam,NL,1
0000-0001-7894-9740,André Pimenta Freire,Universidade Federal de Lavras,BR,1
,Jeffrey Stylos,Carnegie Mellon University,US,1
0000-0002-6018-7781,Mathieu Templier,Université Laval,CA,1
,Jaime B. Fernandez,Dublin City University,IE,1
0000-0002-7909-8455,Mark Lochrie,Lancaster University,GB,1
0000-0003-2091-5163,Hanhui Deng,Hunan University,CN,1
0000-0003-3338-3602,Carlos A. Martínez Sandoval,Technological University of the Mixteca,MX,1
0009-0002-7819-6173,Emma Sánchez Calatayud,Universitat Politècnica de València,ES,1
,Rubén Riestra,,,1
,Tom Metcalfe,,,1
0000-0003-4299-8270,Lúıs Gomes,Universidade Nova de Lisboa,PT,1
0000-0002-6899-4393,Walid Maalej,Universität Hamburg,DE,1
,Alfin Alfarabi Ramadhan,Muhammadiyah University of Surakarta,ID,1
0000-0002-4008-4654,Maria Virvou,University of Piraeus,GR,1
,Kate Greenhill,University of Illinois Chicago,US,1
,Philipp Heim,University of Duisburg-Essen,DE,1
0000-0001-5189-0291,Larissa Lopes,Universidade Federal de São Carlos,BR,1
0000-0002-9342-7809,Jon Whittle,Melbourne School of Theology,AU,1
,Juho Heiskari,Helsinki Institute for Information Technology,FI,1
0009-0008-5785-9509,Kapil Singi,Accenture (Switzerland),CH,1
,Ninad Shinde,Koneru Lakshmaiah Education Foundation,IN,1
,Tamara Ginige,Australian Catholic University,AU,1
,Emi Aoki,University of Massachusetts Lowell,US,1
0000-0003-0619-6027,Daniel Méndez,Blekinge Institute of Technology,SE,1
0000-0001-8297-5052,Bradley Camburn,Singapore University of Technology and Design,SG,1
0000-0003-3072-0108,Alessandro Mazzei,University of Turin,IT,1
0000-0002-5704-4173,Foutse Khomh,Polytechnique Montréal,CA,1
0000-0002-8482-7552,Cristina Manresa-Yee,Universitat de les Illes Balears,ES,1
,Eliezer Kantorowitz,Technion – Israel Institute of Technology,IL,1
,Michael Sengpiel,University of Lübeck,DE,1
0000-0003-4530-8685,Nikolina Nikolova,Sofia University "St. Kliment Ohridski",BG,1
0000-0001-8071-4473,Sinung Suakanto,Telkom University,ID,1
,Soo Shi Tzuaan,MIMOS (Malaysia),MY,1
0000-0002-6293-7419,Rafael Chanin,Pontifícia Universidade Católica do Rio Grande do Sul,BR,1
,P. Sai Kiran,Koneru Lakshmaiah Education Foundation,IN,1
0000-0003-3029-8146,Jianan Jiang,Hunan University,CN,1
,Yangpeng Zhu,Xi'an Shiyou University,CN,1
0000-0002-1550-0513,Herman Tolle,University of Brawijaya,ID,1
0000-0002-4360-2226,Pekka Abrahamsson,Free University of Bozen-Bolzano,IT,1
0000-0003-0863-4000,Atanas Boev,Tampere University of Applied Sciences,FI,1
,Jayanth Potluri,,,1
,Allya Paramita Koesoema,Bandung Institute of Technology,ID,1
,Lasanthi De Silva,University of Colombo,LK,1
0000-0003-3567-9300,Krzysztof Wnuk,Blekinge Institute of Technology,SE,1
,Du Xiao,Singapore University of Technology and Design,SG,1
,Agustín Ullón-Ramírez,Universidad de Ciencias y Humanidades,PE,1
0000-0002-3843-263X,In‐Young Ko,Korea Advanced Institute of Science and Technology,KR,1
0000-0001-6364-5808,Jörg Thomaschewski,University of Applied Sciences Emden Leer,DE,1
,Assaf Krebs,Shenkar College of Engineering and Design,IL,1
0000-0002-5055-9115,Laili Wahyunita,Bandung Institute of Technology,ID,1
0000-0002-8148-4654,Allard J. van Altena,University of Amsterdam,NL,1
0000-0002-7396-8843,Tarmo Robal,Tallinn University of Technology,EE,1
0009-0009-3518-6187,Arifa Fauziya,Bandung Institute of Technology,ID,1
,Mira Kania Sabaria,Telkom University,ID,1
,K. Balaji,Dr. M.G.R. Educational and Research Institute,IN,1
0000-0001-9686-1726,Yu Liu,Clarkson University,US,1
,Tomas E. Ward,Dublin City University,IE,1
0000-0001-5147-8096,Rashina Hoda,University of Auckland,NZ,1
0000-0003-2028-2319,Enrico Brunetti,University of Turin,IT,1
,Vinh Tran,University of Massachusetts Lowell,US,1
,Daria Cantù,,,1
0000-0002-0435-5971,Jan DeWaters,Clarkson University,US,1
0000-0001-8550-1135,Rafael Parizi,Instituto Federal Farroupilha,BR,1
0000-0002-5583-7655,Shihong Huang,University of California  Riverside,US,1
,Suman Chahar,Maharishi Markandeshwar University  Mullana,IN,1
,Jocelyn O. Ampaguey,Tobruk University,,1
,Mahrukh Sameen Mirza,University of Houston - Clear Lake,US,1
0000-0003-4536-2446,Swaroop Joshi,Birla Institute of Technology and Science  Pilani,IN,1
,Marilou M. Gravides,Tobruk University,,1
,Rieko Yamamoto,Fujitsu (Japan),JP,1
,Nur Anisa,Binus University,ID,1
0000-0001-8116-4522,Alexander Meschtscherjakov,University of Salzburg,AT,1
0000-0001-7213-4006,Bram Adams,Polytechnique Montréal,CA,1
0009-0000-6382-1074,Luiz Miguel Naldi Dias,Universidade Tecnológica Federal do Paraná,BR,1
0000-0003-0600-1605,T. Sripriya,,,1
,Torsten Ronneberger,Audi (Germany),DE,1
0000-0001-9168-4388,Edson Oliveira,Universidade Federal do Amazonas,BR,1
0009-0004-4259-6540,Farzana Akter,,,1
,Suchanon Sengchuan,Burapha University,TH,1
,Manjula Bhuma,Karolinska Institutet,SE,1
,Dominik Magin,Fraunhofer Institute for Experimental Software Engineering,DE,1
,Vanessa Lopes Abreu,Universidade Federal do Pará,BR,1
0000-0003-0440-8145,Thomas Meneweger,University of Salzburg,AT,1
,S. Palnati,,,1
,Ziyi Han,Xi'an University of Technology,CN,1
0000-0002-5827-865X,Kiran Chand Ravi,,,1
0000-0003-1466-7386,Chetan Arora,University of Luxembourg,LU,1
,Mohammad Mahdi Jaghoori,Academic Medical Center,NL,1
0000-0002-5076-0695,Larisa Dunai,Universitat Politècnica de València,ES,1
0009-0000-5742-6182,Vladimir D. Beduya,Mapúa University,PH,1
,Chen Huli,Shenkar College of Engineering and Design,IL,1
0000-0002-8014-8819,José-Guillermo Hernández-Calderón,Universidad Veracruzana,MX,1
0000-0001-8991-747X,Yingfei Xiong,Peking University,CN,1
,Jan Karstens,,,1
,Carmen Maidantchik,Universidade Federal do Rio de Janeiro,BR,1
0000-0001-6311-3588,Mohamed Khalgui,Jinan University,CN,1
0000-0001-9061-8952,Valerie Hendrix,Lawrence Berkeley National Laboratory,US,1
,Safed Israel,Bar-Ilan University,IL,1
,N. Barrington,,,1
,Anu Pinnamaneni,,,1
,P. Rajeswari,,,1
,Raghad Alhashemi,King Abdulaziz University,SA,1
,Sean Ashley L. Calaguas,Mapúa University,PH,1
,Malte Behrendt,RWTH Aachen University,DE,1
0000-0001-6381-8326,Konstantinos Votis,Information Technologies Institute,GR,1
0009-0001-0839-1021,Francesca Jacinthe C. Navarro,Mapúa University,PH,1
,Vitalii,Xi'an Shiyou University,CN,1
,Hosna Hooshyar,Free University of Bozen-Bolzano,IT,1
,Pipit Rahmayanti,IPB University,ID,1
,Arfan Mansoor,Technische Universität Ilmenau,DE,1
0000-0002-4125-2840,Chengchao Liang,Chongqing University of Posts and Telecommunications,CN,1
,Maria Katsikerou,Open University of Cyprus,CY,1
,K.D. Mueller-Glaser,,,1
0000-0002-3873-163X,M. Lin,,,1
,Daniela Busse,GALAB Laboratories (Germany),DE,1
0000-0001-8764-1465,Jevgeni Marenkov,Tallinn University of Technology,EE,1
,Katherine Paredes-Guerrero,Universidad de Ciencias y Humanidades,PE,1
0000-0002-5190-7839,Weidong Huang,University of Technology Sydney,AU,1
0000-0002-5493-2837,Ita Richardson,University of Limerick,IE,1
0000-0001-5953-9375,Shin’ichi Fukuzumi,NEC (Japan),JP,1
0000-0001-8268-3957,Francesca Alloatti,University of Turin,IT,1
0000-0002-4686-3181,Gang Huang,Peking University,CN,1
0000-0002-4820-0568,Paolo Zampognaro,Ingegneria dei Sistemi (Italy),IT,1
0000-0002-3639-1467,Pao‐Ann Hsiung,National Chung Cheng University,TW,1
,Manuel Nagl,Universität für Weiterbildung Krems,AT,1
,Martina Beck,Dr. August Wolff (Germany),DE,1
0000-0003-3582-8097,Larissa Taveira Ferraz,,,1
0000-0001-5272-6346,Cícero Costa Quarto,Universidade Estadual do Maranhão,BR,1
0000-0002-6612-2049,Shaundra Daily,Clemson University,US,1
0000-0003-3275-2293,Ellen Francine Barbosa,Universidade de São Paulo,BR,1
0000-0002-4410-1095,Aynur Guluzade,Fraunhofer Institute for Applied Information Technology,DE,1
,Peter Bennett,University of Bristol,GB,1
0000-0002-9975-9791,Oscar Nierstrasz,University of Geneva,CH,1
,W. Stork,,,1
0009-0007-1469-9835,Frank Shipman,Texas A&M University,US,1
,Nikolaos Katertsidis,Information Technologies Institute,GR,1
,David Callele,University of Saskatchewan,CA,1
0000-0002-4913-7513,Márcia Lima,Universidade do Estado do Amazonas,BR,1
,T. Guenkova-Luy,Universität Ulm,DE,1
0000-0001-7119-1412,Tuure Tuunanen,University of Jyväskylä,FI,1
0000-0002-3092-244X,Sylvie Bissonnette,,,1
0000-0001-7648-6746,Luís Carlos Costa Fonseca,Universidade Estadual do Maranhão,BR,1
0000-0003-4750-7864,Taimur Bakhshi,National University of Computer and Emerging Sciences,PK,1
0000-0002-3342-1085,Cristian Barruè,Universitat Politècnica de Catalunya,ES,1
0000-0003-3039-0073,Mangilal Agarwal,University of Indianapolis,US,1
,Deepak Venkatesan,,,1
,A. G. L. D. P. Amarasinghe,Sri Lanka Institute of Information Technology,LK,1
0000-0002-4286-7011,Matheus Prestes,Pontifícia Universidade Católica do Rio Grande do Sul,BR,1
0000-0002-1554-0785,Maurice Mulvenna,University of Ulster,GB,1
,Nuoran Li,Puyang Vocational and Technical College,CN,1
0000-0001-9004-5453,Muhammad Iqbal,Higher Colleges of Technology,AE,1
0000-0003-2003-2440,Sang-Hyun Lee,Korea Institute of Science & Technology Information,KR,1
0000-0002-0316-1489,Satyaveer Singh,Maharishi Markandeshwar University  Mullana,IN,1
0000-0003-1547-5503,Zhiwu Li,Xidian University,CN,1
0000-0003-0192-3096,Ulises Cortés,Universitat Politècnica de Catalunya,ES,1
,Stephen Forshaw,Lancaster University,GB,1
,Dudhir Dixit,University of California  Davis,US,1
0000-0002-4663-2113,Konstantinos Tarabanis,University of Macedonia,GR,1
0000-0002-2570-929X,Denis Gillet,École Polytechnique Fédérale de Lausanne,CH,1
,Beena Prabhu,Siemens (Germany),DE,1
0000-0003-0407-9804,Anh Duc Nguyen,University of South-Eastern Norway,NO,1
0000-0001-9631-8969,Sabrina Marczak,Pontifícia Universidade Católica do Rio Grande do Sul,BR,1
0000-0002-2601-7009,Alessio Malizia,University of Pisa,IT,1
0000-0002-7212-9669,G. Elisabeta Marai,University of Illinois Urbana-Champaign,US,1
0000-0002-9228-7365,Adrian Friday,Lancaster University,GB,1
,Leo Frishberg,Tektronix (United States),US,1
0000-0003-4002-4480,Malak Baslyman,King Fahd University of Petroleum and Minerals,SA,1
0000-0002-4227-5606,Gözde Bozdağı Akar,Middle East Technical University,TR,1
0000-0002-4421-7549,Deepak Ranjan Sahoo,Swansea University,GB,1
0000-0002-5337-0318,Kusuma Ayu Laksitowening,Telkom University,ID,1
0000-0002-5068-1161,Azizah Rahmat,University of Kuala Lumpur,MY,1
0000-0002-7371-8537,Casey Rogers,Curtin University,AU,1
,Michael Przybilski,University of Helsinki,FI,1
0000-0002-2112-1819,Kai Qian,Kennesaw State University,US,1
,L. Dragone,,,1
0000-0002-1159-3767,Andrés Solano,Universidad Autónoma de Occidente,CO,1
0000-0001-7714-9848,Zoran Salčić,University of Auckland,NZ,1
0000-0002-1179-3814,Fata Nidaul Khasanah,Universitas Bhayangkara Jakarta Raya,ID,1
0000-0002-9727-3042,Daniel A. Magües,Universidad Autónoma de Madrid,ES,1
,Enrique Chiroque-Zanabria,Universidad de Ciencias y Humanidades,PE,1
0000-0003-1884-0772,George D. Magoulas,Universidade de São Paulo,BR,1
0000-0001-5869-5245,Irene Garrigós,University of Alicante,ES,1
0000-0002-8685-4909,Hilary Johnson,University of Bath,GB,1
0000-0003-4886-0918,Xuan Lü,University of Michigan–Ann Arbor,US,1
0000-0002-9697-2028,Eliza Stefanova,Sofia University "St. Kliment Ohridski",BG,1
0000-0003-4659-795X,Eleonora Widzyk‐Capehart,Commonwealth Scientific and Industrial Research Organisation,AU,1
0000-0002-3548-299X,Nicola Pasquino,,,1
0000-0003-0717-7450,Naoki Hasegawa,Fujitsu (Japan),JP,1
0000-0001-9387-9277,Luca Mainetti,University of Salento,IT,1
0000-0001-8402-5990,Eva Mayr,Universität für Weiterbildung Krems,AT,1
,Mariano Montoni,Universidade Federal do Rio de Janeiro,BR,1
0000-0002-6405-1750,Abdullah Aldaeej,Imam Abdulrahman Bin Faisal University,SA,1
0000-0001-6548-4403,Zhen Liu,South China University of Technology,CN,1
0000-0001-5235-4423,Florim Hamiti,Fraunhofer Institute for Applied Information Technology,DE,1
0000-0001-6994-4470,Artur Lugmayr,Tampere University,FI,1
,Arianna Coleen T. Ochua,Mapúa University,PH,1
0000-0001-7862-0451,Sofia Segkouli,Centre for Research and Technology Hellas,GR,1
,Dipin Era,,,1
0000-0002-7063-9200,Anh Nguyen‐Duc,University of South-Eastern Norway,NO,1
0000-0002-9236-851X,Shivakumar Sastry,Dr. Hari Singh Gour University,IN,1
0000-0001-7599-6883,Lei Wang,University College Dublin,IE,1
,Abril I. Rodríguez López,Durango Institute of Technology,MX,1
0000-0002-5935-4482,Sílvia D. Olabarriaga,Amsterdam University Medical Centers,NL,1
,Gary Fernandes,Carleton University,CA,1
,John M. Kewley,Daresbury Laboratory,GB,1
0000-0003-2320-1000,Atanas Gotchev,Tampere University of Applied Sciences,FI,1
,Devanshi Ganegoda,Sri Lanka Institute of Information Technology,LK,1
0000-0003-0085-8245,Rachel E. White,Carleton University,CA,1
0000-0001-6337-5596,Mahmoud Darwich,University of Mount Union,US,1
0009-0009-1549-8992,Rahmat Fauzi,Telkom University,ID,1
0000-0003-0048-399X,Joerg Doerr,Universidad de Navarra,ES,1
0000-0001-5190-8025,Arum Prasasti,State University of Malang,ID,1
0000-0002-4830-7306,Rachelle Kristof Hippler,Baldwin–Wallace College,US,1
0000-0002-8552-713X,Christian Kammler,Fraunhofer Institute for Experimental Software Engineering,DE,1
0000-0003-1607-8585,Garyfallos Fragidis,General Hospital of Serres,GR,1
0000-0003-4743-6314,Zoe M. Becerra,Georgia Institute of Technology,US,1
0000-0002-7345-9352,Benjamin Graf,,,1
0000-0002-7938-7564,John W. Castro,University of Atacama,CL,1
0000-0002-2502-5947,Peter Fröhlich,Austrian Institute of Technology,AT,1
0000-0002-5205-7936,Wanqing Guan,University of Science and Technology Beijing,CN,1
,Ma. Gracia Kim A. Brela,Mapúa University,PH,1
,Idit Barak,Shenkar College of Engineering and Design,IL,1
0009-0006-5987-5874,Antonette Gabriel,Mapúa University,PH,1
0000-0003-2744-7331,Amanpreet Kaur,Guru Nanak Dev University,IN,1
,Eduardo Gouveia Pinheiro,Universidade Federal de São Carlos,BR,1
0000-0001-6733-1873,Manlio Bacco,National Research Council,IT,1
,M.T. S.Kom.,Bandung Institute of Technology,ID,1
,Dominik Birkmeier,,,1
0000-0001-8876-3472,Yohannes Kurniawan,Binus University,ID,1
0000-0001-8379-3971,Roselien Buys,KU Leuven,BE,1
,Bella Pertiwi Miller,,,1
0000-0001-6367-9274,Des Greer,Queen's University Belfast,GB,1
,Riccardo Tasso,,,1
,Lijuan Fan,Xi'an Shiyou University,CN,1
,Yukiko Tanikawa,Shibaura Institute of Technology,JP,1
0009-0003-4759-9102,Xinle Liu,Beijing Information Science & Technology University,CN,1
0000-0001-6169-2942,Matthias Jarke,RWTH Aachen University,DE,1
0000-0002-1727-9357,Elena R. Messina,,,1
,Wittawas Pantumchinda,Burapha University,TH,1
0000-0002-3365-1446,Alessio Botta,,,1
,Noel O’Connor,Dublin City University,IE,1
0000-0003-3240-3122,Cleidson R. B. de Souza,Universidade Federal do Pará,BR,1
0000-0003-0161-3485,Juan Garbajosa,Universidad Politécnica de Madrid,ES,1
0000-0002-8560-2662,Torben Volkmann,University of Lübeck,DE,1
,P Sevanthi,,,1
0000-0002-6700-719X,Wajdi Aljedaani,University of North Texas,US,1
,Rongyan Xu,Yangzhou Polytechnic Institute,CN,1
0000-0002-8093-5943,Fabiana Vernero,University of Turin,IT,1
,Natsuko Noda,NEC (Japan),JP,1
0000-0003-3252-9067,Zhiwang Yu,Hunan University,CN,1
,Joris Klerkx,KU Leuven,BE,1
,Andrea Bolioli,,,1
,Mary Margaret Small,Clarkson University,US,1
,Dirk Reichardt,Laboratoire d'Informatique de Paris-Nord,FR,1
,M.L. Metersky,Naval Air Warfare Center Training Systems Division,US,1
0000-0002-0243-1555,Patrick McAllister,University of Ulster,GB,1
,Jerry-Israel Romero-Villalobos,Universidad Veracruzana,MX,1
0000-0002-6870-7059,Ioannis Paliokas,Centre for Research and Technology Hellas,GR,1
,Whitney M. Newton,,,1
0000-0001-7827-8449,Bach Xuan Tran,Dassault Systèmes (United States),US,1
0000-0002-9034-5517,Wenming Liu,Shenyang Jianzhu University,CN,1
0000-0001-7130-996X,Giuliana Vitiello,University of Salerno,IT,1
0000-0002-1078-2232,Raymond Bond,University of Ulster,GB,1
0000-0001-6306-7251,Pere Ponsa,Universitat Politècnica de Catalunya,ES,1
,Daniel L Perez,,,1
0000-0002-0410-9308,Eva-Maria Schön,HAW Hamburg,DE,1
,Karin Siebenhandl,Universität für Weiterbildung Krems,AT,1
,Juan Carlos Farah,École Polytechnique Fédérale de Lausanne,CH,1
,Alifah Amalia Arif,Binus University,ID,1
0000-0001-6868-6860,Qianbin Chen,China Mobile (China),CN,1
,Ronald Gustavo,Binus University,ID,1
0000-0001-9031-3083,Christos Katsanos,Aristotle University of Thessaloniki,GR,1
0000-0002-6732-9164,Khalil Omar,National University of Computer and Emerging Sciences,PK,1
0000-0002-3972-3367,Pavel Boytchev,Sofia University "St. Kliment Ohridski",BG,1
,Marcelo Fassbinder,Instituto Federal de Educação  Ciência e Tecnologia de Minas Gerais,BR,1
0000-0001-8666-7217,Gihan Wikramanayake,University of Colombo,LK,1
0000-0003-3701-6957,Soma Datta,University of Houston - Clear Lake,US,1
0000-0002-4854-3683,Ashok Sivaji,MIMOS (Malaysia),MY,1
0000-0002-7425-5175,Langgeng Setyono,University of Brawijaya,ID,1
,Monica Scbillo,University of Salerno,IT,1
0000-0001-6661-9461,Yuan Wu,City University of Macau,MO,1
0000-0001-8084-4980,Nitish Patkar,University of Bern,CH,1
0000-0001-8342-4471,Carlos A. Velasco,Fraunhofer Institute for Applied Information Technology,DE,1
0000-0003-2714-9131,Zahid Hussain Qaisar,Petra University,JO,1
0000-0002-9751-7035,Obinna Ogbonnia Otuu,Federal Polytechnic Oko,NG,1
0000-0003-0279-0440,Gleison Santos,Universidade Federal do Estado do Rio de Janeiro,BR,1
0000-0002-1903-9517,Leila Alem,Commonwealth Scientific and Industrial Research Organisation,AU,1
0000-0003-2615-422X,Manuel B. Garcia,Korea University,KR,1
,Dennis Pagano,Technical University of Munich,DE,1
,Elena Guidorzi,,,1
0000-0002-1634-6140,Mashail N. Alkhomsan,King Fahd University of Petroleum and Minerals,SA,1
0000-0002-0332-1681,John Panneerselvam,University of Derby,GB,1
,Nicole Jochems,University of Lübeck,DE,1
,Yu-shan Xu,Beihang University,CN,1
0000-0002-0636-5663,Alessio Ferrari,Istituto di Scienza e Tecnologie dell'Informazione "Alessandro Faedo",IT,1
,Saowanee Schou,University of Copenhagen,DK,1
,Pasquale Di,University of Salerno,IT,1
0000-0002-0971-2368,Olfa Mosbahi,National Institute of Applied Science and Technology,TN,1
0000-0001-5873-2528,Satoru Tokuhisa,Kyushu University,JP,1
0000-0002-4743-1815,Charles Thompson,University of Massachusetts Lowell,US,1
,C. Gayle,,,1
0000-0001-7366-5626,Athita Onuean,Burapha University,TH,1
,Kyoko Ohashi,Fujitsu (Japan),JP,1
0000-0003-0157-4447,Ryan Cronk,Engineering Systems (United States),US,1
0000-0002-1016-4522,Tien Fabrianti Kusumasari,Telkom University,ID,1
,Chandana Dongre,PES University,IN,1
,Yani Nurhadryani,IPB University,ID,1
,Juan Lara-Herrera,Universidad de Ciencias y Humanidades,PE,1
,Rohit Hunashikatti,PES University,IN,1
,Kerstin Haustein,Commonwealth Scientific and Industrial Research Organisation,AU,1
0000-0003-0702-5799,Renata Marinello,Fondazione Ricerca Molinette,IT,1
0009-0000-0438-9904,Thanakrit Janchidfah,Muban Chombueng Rajabhat University,TH,1
,Thidarat Pinthong,Phetchaburi Rajabhat University,TH,1
0000-0002-7908-8484,Xuanzhe Liu,Peking University,CN,1
0000-0003-0000-467X,Haleh Vatani,University of Illinois Chicago,US,1
,Fernando Macias Ruvalcaba,Durango Institute of Technology,MX,1
0000-0001-6895-1636,Nelly Bencomo,Durham University,GB,1
0000-0003-2227-8292,Neha Garg,Chitkara University,IN,1
0000-0002-1437-8368,Filippo Sanfilippo,University of Agder,NO,1
,Malte Volkwein,Fraunhofer Institute for Manufacturing Engineering and Automation,DE,1
,Fitra Arifiansyah,Bandung Institute of Technology,ID,1
0000-0002-7633-3536,Alejandra Martínez,Universidad de Costa Rica,CR,1
,Sarah Poon,Lawrence Berkeley National Laboratory,US,1
0009-0005-9323-685X,Nedal Nwasra,Petra University,JO,1
,Jiun-Shiung Lin,Ming Chi University of Technology,TW,1
0000-0002-0019-3020,Karina Luzdelia Mendoza Bravo,Universidad Técnica de Manabí,EC,1
,Naguib Heiba,Fraunhofer Institute for Applied Information Technology,DE,1
0000-0001-8355-6909,Fabio Paternò,Istituto di Scienza e Tecnologie dell'Informazione "Alessandro Faedo",IT,1
0000-0001-8171-8994,Valeria Soto-Mendoza,Universidad Autónoma de Coahuila,MX,1
,Simon André Scherr,Fraunhofer Institute for Experimental Software Engineering,DE,1
0000-0001-9273-966X,Eduarda Almeida,Universidade Federal do Paraná,BR,1
0000-0001-5890-2419,Gitte Lindgaard,Carleton University,CA,1
0000-0003-3198-851X,Usman Rafiq,Free University of Bozen-Bolzano,IT,1
0000-0001-8966-2753,Nobert Jere,Namibia University of Science and Technology,NA,1
,Flavia Belintani Blum Haddad,Universidade Tecnológica Federal do Paraná,BR,1
0000-0001-7050-5328,Luis Romero-Untiveros,Universidad de Ciencias y Humanidades,PE,1
,Steffen Hess,Fraunhofer Institute for Experimental Software Engineering,DE,1
,Erik Duval,KU Leuven,BE,1
0009-0008-2664-2833,Viviane de Oliveira Garcia Coutinho,Universidade Federal de Lavras,BR,1
,Carolin Kohler,Technische Universität Ilmenau,DE,1
,Laura Wiebelitz,Fraunhofer Institute for Manufacturing Engineering and Automation,DE,1
0000-0003-0349-9831,Yerragudipadu Subbarayudu,,,1
0000-0001-7648-8709,Huiru Zheng,University of Ulster,GB,1
,Alex Carmichael,University of Dundee,GB,1
0000-0003-1096-7074,Di Wu,Nanjing University of Posts and Telecommunications,CN,1
,Steffen Lohmann,University of Duisburg-Essen,DE,1
,David Noack,Technical University of Darmstadt,DE,1
0000-0002-3816-9827,Rifka Fachrunnisa,State University of Malang,ID,1
,Ahmad D. Suleiman,Rochester Institute of Technology,US,1
0000-0002-2319-1570,Carlo Geraci,Institut Jean Nicod,FR,1
,Iskan Mustamir,Universitas Gadjah Mada,ID,1
,E. Sax,FZI Research Center for Information Technology,DE,1
0000-0001-6391-7439,Kasiyah Junus,University of Indonesia,ID,1
0000-0002-8668-2764,Peter Newman,Curtin University,AU,1
0000-0001-5659-1311,Peichun Li,Guangdong University of Technology,CN,1
0000-0002-3514-3525,Lutfi Fanani,University of Brawijaya,ID,1
0000-0003-4775-0338,Charo Hodgkins,University of Surrey,GB,1
,Spoorti Barigidad,Indian Institute of Technology Dharwad,IN,1
0000-0002-2425-2689,Stefania Zinno,University of Naples Federico II,IT,1
0000-0002-6962-9806,Wensheng Su,Singapore University of Technology and Design,SG,1
,Iqbal Zunaedi,Telkom University,ID,1
0000-0001-7470-5183,Tomi Männistö,Aalto University,FI,1
0000-0003-3919-030X,Ivan Koychev,Sofia University "St. Kliment Ohridski",BG,1
0000-0002-9897-6962,Yugo Kartono Isal,University of Indonesia,ID,1
,Tim Hakenberg,Rottenburg University of Applied Forest Sciences,DE,1
0000-0001-8401-7157,Daqing Hou,Clarkson University,US,1
0000-0001-9043-1290,Alexandros T. Tzallas,University of Ioannina,GR,1
0000-0002-1876-5082,Matthias Baldauf,Ostschweizer Fachhochschule OST,CH,1
,Jose Edgar Carabali,Universidad Autónoma de Occidente,CO,1
0009-0008-9197-0809,Kim Lauenroth,University of Duisburg-Essen,DE,1
,Will Simm,,,1
0000-0003-1062-7598,R Nikolov,,,1
0000-0001-5794-2910,Xiping Wu,University College Dublin,IE,1
0000-0002-0438-2638,Suman De,,,1
0000-0003-1022-5281,Erik Whiting,University of Houston - Clear Lake,US,1
,Sungwon Kang,Daejeon University,KR,1
0000-0002-6240-0099,Yehya Mohamad,Fraunhofer Institute for Applied Information Technology,DE,1
0000-0003-1006-7594,F. Richard Yu,Carleton University,CA,1
0000-0002-5648-9584,Marcus Trapp,Fraunhofer Institute for Experimental Software Engineering,DE,1
,Cleber Gimenez,Universidade Tecnológica Federal do Paraná,BR,1
,Asako Takada,Hosei University,JP,1
,Vito Perrone,Politecnico di Milano,IT,1
,Patrick Mennig,Fraunhofer Institute for Experimental Software Engineering,DE,1
0000-0001-8424-419X,Xiaofeng Wang,Free University of Bozen-Bolzano,IT,1
0000-0001-7410-0803,Denis Feth,Fraunhofer Institute for Experimental Software Engineering,DE,1
0000-0001-7028-3307,Declan Delaney,University College Dublin,IE,1
0000-0003-0059-3099,Michal Pauzner,Shenkar College of Engineering and Design,IL,1
0000-0001-7207-4584,Rafael S. de Souza,Universidade de São Paulo,BR,1
0000-0002-1412-1546,Mattia Fazzini,University of Minnesota System,US,1
0000-0003-2670-3823,Aracele Garcia de Oliveira Fassbinder,Instituto Federal de Educação  Ciência e Tecnologia de Minas Gerais,BR,1
,Tallie C. Faircloth,,,1
0000-0002-8279-5630,Jaime Meza,Universidad Técnica de Manabí,EC,1
,Farah Agia Ramadhina,University of Indonesia,ID,1
0000-0002-7658-8264,Gennaro Imperatore,University of Strathclyde,GB,1
,Lu Liu,University of Exeter,GB,1
,Geldof B. Resuello,Mapúa University,PH,1
,Mario A. Moreno-Rocha,Technological University of the Mixteca,MX,1
,Shuvo Malakar,,,1
,Esteban Robles Luna,Universidad Nacional de La Plata,AR,1
0000-0002-0597-3851,Carla Silva,Universidade Federal da Paraíba,BR,1
,Nolwen Mahé,,,1
,Syariffanor Hisham,Technical University of Malaysia Malacca,MY,1
,Nigel Jefferies,Vodafone (Italy),IT,1
0000-0001-8044-2738,Pete Sawyer,Lancaster University,GB,1
0000-0002-5381-971X,Philippe Palanque,Université Toulouse III - Paul Sabatier,FR,1
,Laura Marie Leventhal,Bowling Green State University,US,1
,Konstantinos Glykos,Information Technologies Institute,GR,1
,Heri Praktikto,State University of Malang,ID,1
0000-0002-4913-8276,Ely Siswanto,State University of Malang,ID,1
0000-0002-6600-9329,Klaus David,University of Kassel,DE,1
0000-0002-5602-8008,Nosipho Mavuso,Nelson Mandela University,ZA,1
0000-0002-3700-1678,Eric Neufeld,University of Saskatchewan,CA,1
0000-0002-7451-2653,Dana Sulistyo Kusumo,Telkom University,ID,1
,Alexander Grigorov,Institute of Mathematics and Informatics,BG,1
0000-0002-9659-8566,Kasem Khalil,University of Mississippi,US,1
,V. Samuthira Pandi,,,1
,Somanshu Bhattacharyya,PES University,IN,1
0009-0002-9774-6265,Vikrant Kaulgud,Accenture (Switzerland),CH,1
0009-0009-5976-3348,Isabel Seguí Verdú,Universitat Politècnica de València,ES,1
,Katja Battarbee,Helsinki Art Museum,FI,1
0000-0002-7480-9617,Franz J. Hauck,Universität Ulm,DE,1
,Begoña Losada,University of the Basque Country,ES,1
0000-0002-6435-1497,María José Escalona,Universidad de Sevilla,ES,1
0000-0003-1379-5802,Eduarda Maganha de Almeida,Universidade Tecnológica Federal do Paraná,BR,1
,L. Gerardo Montané-Jiménez,Universidad Veracruzana,MX,1
0000-0001-8147-028X,Anikó Costa,Universidade Nova de Lisboa,PT,1
0000-0003-4760-5560,Dron Khanna,Free University of Bozen-Bolzano,IT,1
0000-0002-5026-3189,Ian Lau,Commonwealth Scientific and Industrial Research Organisation,AU,1
0000-0002-7266-4725,Veronikha Effendy,Telkom University,ID,1
0000-0002-3013-9922,Zhengli Liu,Wuhan University,CN,1
0000-0003-2796-1613,José Reinaldo Silva,Universidade de São Paulo,BR,1
,Maradona Gatara,University of the Witwatersrand,ZA,1
,V Sarasvathi,PES University,IN,1
0000-0001-8639-1257,Marí­a Jesús Rodríguez-Triana,École Polytechnique Fédérale de Lausanne,CH,1
0000-0003-1303-4173,Jorge Melegati,Free University of Bozen-Bolzano,IT,1
,A. Rastellini,,,1
0000-0002-5613-4599,Md. Rakib Hossain,,,1
0000-0001-6941-0161,Philipp Scholl,University of Freiburg,DE,1
0000-0002-5027-753X,André Pinheiro,Universidade Federal do Pará,BR,1
,Maike Naumann,Jade University of Applied Sciences,DE,1
0000-0003-4255-299X,Deirdre Walsh,Dublin City University,IE,1
,Lauriane Pereira,Pontifícia Universidade Católica do Rio Grande do Sul,BR,1
0000-0002-3348-2144,Gustavo Rossi,Universidad Nacional de La Plata,AR,1
,A.F. Newell,University of Dundee,GB,1
,Laksamana Zesair Adhito,University of Indonesia,ID,1
,G. Ko,,,1
0000-0001-5911-6022,Jens Klump,Commonwealth Scientific and Industrial Research Organisation,AU,1
0000-0002-4137-3634,Luigi Pomante,University of L'Aquila,IT,1
0000-0002-7733-5947,Anthony Faiola,University of Illinois Chicago,US,1
,Haijun Zhang,Harbin Institute of Technology,CN,1
,João Ricardo dos S. Rosa,Universidade Federal do Paraná,BR,1
0000-0002-5566-0992,Talal Ashraf Butt,Higher Colleges of Technology,AE,1
0009-0007-1263-4974,James Neil B. Mendoza,Sebha University,LY,1
,David J. Wheatley,TiVo (United States),US,1
0000-0002-5541-5188,Jéssyka Vilela,Universidade Federal de Pernambuco,BR,1
0000-0002-6322-2984,Humphrey O. Obie,Monash University,AU,1
0000-0003-1350-6732,István Koren,RWTH Aachen University,DE,1
0000-0001-7946-1552,Adrian Holzer,University of Neuchâtel,CH,1
0000-0002-9956-7781,Grace Lorraine Intal,Mapúa University,PH,1
0000-0001-6056-7285,Manfred Tscheligi,University of Salzburg,AT,1
,P D Parthasarathy,Birla Institute of Technology and Science  Pilani,IN,1
,K.D. Mueller-Glaser,FZI Research Center for Information Technology,DE,1
0000-0001-7950-0099,Mohammad Alshayeb,King Fahd University of Petroleum and Minerals,SA,1
0000-0001-5207-5694,Ulrich Engelke,Commonwealth Scientific and Industrial Research Organisation,AU,1
0000-0001-7965-5007,Dagmar Lühmann,University Medical Center Hamburg-Eppendorf,DE,1
0000-0002-9686-2515,Yuxia Cheng,Chongqing University of Posts and Telecommunications,CN,1
0000-0002-3034-5195,Günther Schreder,Universität für Weiterbildung Krems,AT,1
0000-0001-9958-0102,Hourieh Khalajzadeh,Monash University,AU,1
,Juliana G de Souza,Virginia Commonwealth University,US,1
0000-0002-4949-3278,Lorena Recalde,National Polytechnic School,EC,1
0000-0002-2779-2744,Dan Gunter,Lawrence Berkeley National Laboratory,US,1
0000-0002-1333-9797,Torsten Hoefler,Supercomputing Systems (Switzerland),CH,1
0000-0001-8344-1220,Noël Carroll,Ollscoil na Gaillimhe – University of Galway,IE,1
,Indra Febrio Nugroho,Bandung Institute of Technology,ID,1
0000-0003-2973-9215,Muharman Lubis,Telkom University,ID,1
0000-0002-0287-0486,Javier Varona,Universitat de les Illes Balears,ES,1
,Bhakti Kusum Barman,,,1
0000-0003-1079-3326,Mohsen Amiribesheli,Bournemouth University,GB,1
,T Capin,Bilkent University,TR,1
0000-0002-3884-815X,Grischa Liebel,Reykjavík University,IS,1
,S. Manthandi Periannasamy,,,1
0000-0003-1508-4174,Waqar Hussain,Monash University,AU,1
0000-0003-1761-4132,Lavanya Ramakrishnan,Lawrence Berkeley National Laboratory,US,1
0009-0002-9551-4321,Irene Mazza,University of Turin,IT,1
0000-0001-8677-3503,Florian Weidner,Technische Universität Ilmenau,DE,1
0000-0003-2629-6105,Andro Agil Nur Rakhmad,State University of Malang,ID,1
0000-0002-6193-7775,Larry F. Hodges,Clemson University,US,1
0000-0002-9387-3702,Gilberto Pastorello,Lawrence Berkeley National Laboratory,US,1
0000-0003-3544-2637,Craig A. James,Commonwealth Scientific and Industrial Research Organisation,AU,1
0000-0002-5435-0247,Jerome McClendon,Clemson University,US,1
0000-0001-9582-1538,Vinay Sachidananda,Technical University of Darmstadt,DE,1
,Paul Hodgetts,Agile RF (United States),US,1
,Dorothy G. Buhat-Mendoza,Tobruk University,,1
,Jen-Huei Chang,Tungnan University,TW,1
,Monterico Adrian,Telkom University,ID,1
0000-0002-7955-2232,Alistair﻿ Sutcliffe﻿,University of Manchester,GB,1
,Dieter Hertweck,Reutlingen University,DE,1
0000-0002-3915-9153,Noor Habibah Arshad,Water and Power Development Authority,PK,1
0000-0001-7456-945X,Pedro Jiménez-Pacheco,University of Cuenca,EC,1
,Richard F. Dillon,Carleton University,CA,1
,Shahad Alhothli,King Abdulaziz University,SA,1
0000-0002-0674-2131,Muhammad Intizar Ali,Ollscoil na Gaillimhe – University of Galway,IE,1
0000-0001-9613-7017,Sunu Wibirama,Universitas Gadjah Mada,ID,1
,A. Wagner,,,1
0000-0002-9563-2419,Md. Sanzidul Islam,,,1
0000-0001-5421-4029,Benedikt Hensen,RWTH Aachen University,DE,1
0000-0002-8120-5926,Patricia Trbovich,Carleton University,CA,1
,S. Säde,Helsinki Art Museum,FI,1
0000-0002-7298-6206,Mjumo Mzyece,University of the Witwatersrand,ZA,1
0000-0001-9503-7890,Kennis Rozana,State University of Malang,ID,1
0000-0001-6416-0503,Ahto Kalja,Tallinn University of Technology,EE,1
,Ivo Braganza,,,1
0000-0002-3571-1617,Susanne Bødker,Aarhus University,DK,1
,J. Andrés De la Cruz Pineda,Durango Institute of Technology,MX,1
0000-0002-1661-597X,Vanja Garaj,Brunel University of London,GB,1
,Samuel D. Jaffee,Google (United States),US,1
0000-0002-0363-0871,Paula Costa Castro,Universidade Federal de São Carlos,BR,1
0009-0002-9507-5066,Wenyan Song,Fudan University,CN,1
0000-0001-8117-2848,Christopher William Schankula,McMaster University,CA,1
0000-0001-6572-9896,Bea Herbeck Belnap,University of Göttingen,DE,1
0000-0001-6915-6722,Dimitrios Tzovaras,Information Technologies Institute,GR,1
0000-0003-3483-9915,Dávid Fröhlich,University of Surrey,GB,1
,G.J. Gerling,,,1
,Alida Veldsman,Nelson Mandela University,ZA,1
0000-0001-6432-1223,Gerardo Matturro,Universidad ORT Uruguay,UY,1
0000-0002-7682-4124,Roberto Paiano,University of Salento,IT,1
0000-0002-7445-588X,Athula Ginige,Western Sydney University,AU,1
0000-0002-4427-6098,Krassen Stefanov,Sofia University "St. Kliment Ohridski",BG,1
,Kurnia Nur Akmaliyah Dalimunthe,Telkom University,ID,1
0000-0001-5045-2396,D. Agarwal,Lawrence Berkeley National Laboratory,US,1
0000-0001-8649-4934,Zhaoqing Li,Monash University,AU,1
0000-0001-6574-6311,Andrea Pandurino,University of Salento,IT,1
0000-0002-2135-046X,Lixin Tao,Pace University,US,1
,Nuonan Chen,Xi'an Shiyou University,CN,1
0000-0002-4998-312X,Ahmed Elnaggar,Laboratoire d'Informatique de Paris-Nord,FR,1
0000-0002-9805-3623,Jinhui Ouyang,Hunan University,CN,1
0000-0001-5311-4456,Ahmad Nasikun,Universitas Gadjah Mada,ID,1
0000-0002-6880-5636,Virpi Roto,Aalto University,FI,1
0000-0002-3352-5626,Andrii Vozniuk,École Polytechnique Fédérale de Lausanne,CH,1
0009-0003-7775-8549,Eriky Rodrigues,Universidade Federal do Amazonas,BR,1
0000-0001-7104-9432,Tanara Lauschner,Universidade Federal do Amazonas,BR,1
0000-0002-0630-5273,Magdy Bayoumi,University of Louisiana at Lafayette,US,1
0000-0002-1788-547X,Bogdan Ghita,University of Plymouth,GB,1
0009-0005-1496-901X,Luís Taroncher Pellicer,Universitat Politècnica de València,ES,1
,Tamara Scheerer,Reutlingen University,DE,1
0000-0002-9390-3772,Beatriz Bernárdez,Universidad de Sevilla,ES,1
,Lorena Alonso-Ramírez,Universidad Veracruzana,MX,1
0000-0003-2135-6113,Silvia T. Acuña,Universidad Autónoma de Madrid,ES,1
,Si-yan Yang,Ming Chi University of Technology,TW,1
,J. Drescher,,,1
0000-0002-5396-487X,Leonel Merino,University of Bern,CH,1
0000-0002-0892-6591,Catherine Woods,University of Limerick,IE,1
,Jigang Liu,Metropolitan State University,US,1
0000-0001-6595-3599,Felix Wolf,Technische Universität Darmstadt,DE,1
,Marylise Hebrard,Gestion de l'Eau  Acteurs  Usages,FR,1
,Linah Alakwaa,King Abdulaziz University,SA,1
,Alaric Rasendriya Aniko,Telkom University,ID,1
0000-0001-6565-8047,Yangjinbo Zhang,Curtin University,AU,1
0009-0009-2558-0922,Kavitha Chandra,University of Massachusetts Lowell,US,1
0000-0002-0182-8016,Maurício Ronny de Almeida Souza,Universidade Federal de Lavras,BR,1
0000-0003-4065-6883,Rob Allan,Daresbury Laboratory,GB,1
,Margaret Morgan,University of Dundee,GB,1
,Devi Afriyantari Puspa Putri,Muhammadiyah University of Surakarta,ID,1
0000-0002-1399-3297,Samba Raju Chiluveru,Indian Institute of Technology Dharwad,IN,1
,Michael Smuc,Universität für Weiterbildung Krems,AT,1
0000-0002-4803-8054,Z. Zhang,Singapore University of Technology and Design,SG,1
0000-0002-1980-5517,Abdelhamid Bouchachia,Bournemouth University,GB,1
0000-0003-2895-1054,Bruna Ferreira,Pontifical Catholic University of Rio de Janeiro,BR,1
,Sylvie Girard,University of Bath,GB,1
,Nur Aisyah Mohd Hanifiah,University of Kuala Lumpur,MY,1
,W. A. K. D. Wijesinghe,Sri Lanka Institute of Information Technology,LK,1
0000-0001-6985-5275,Irman Hermadi,IPB University,ID,1
0000-0003-2884-9359,Elaine Oliveira,Universidade Federal do Amazonas,BR,1
0000-0002-3991-0269,Josianne Marsan,Université Laval,CA,1
,Asako Katayama,Fujitsu (Japan),JP,1
0000-0002-9872-3172,Francisco J. Perales,Universitat de les Illes Balears,ES,1
,Sowmya Dhandapani,,,1
0000-0002-4593-1103,Mark Dunlop,University of Strathclyde,GB,1
,Danhyung Lee,Korea Institute of Science & Technology Information,KR,1
0000-0001-8633-3313,Jonathan M. Moore,Texas A&M University,US,1
,PC Anitha,,,1
,Alhejab Alhazmi,Florida Atlantic University,US,1
0000-0002-7771-0882,Giorgio Oronzo Spagnolo,National Research Council,IT,1
0000-0002-0397-835X,Martin Breidenbach,Fraunhofer Institute for Applied Information Technology,DE,1
0000-0003-1113-1754,Kevin A. Schneider,University of Saskatchewan,CA,1
0000-0002-8794-6792,Marjo Kauppinen,Aalto University,FI,1
0000-0001-8829-9817,Arifa Akram,Daresbury Laboratory,GB,1
0000-0002-0434-0446,Fabio Salice,Politecnico di Milano,IT,1
0000-0002-1326-2611,Alexander Graf,Technische Universität Darmstadt,DE,1
0000-0003-0941-2522,Dimitra Ioannou,University of Patras,GR,1
0000-0001-5065-7906,Cristiana Bolchini,Politecnico di Milano,IT,1
0000-0002-4491-6796,John Mills,University of Central Lancashire,GB,1
0000-0001-5652-9905,Holger Schmidt,University of Duisburg-Essen,DE,1
0000-0003-4527-5123,Flávia Belintani Blum Haddad,Universidade Tecnológica Federal do Paraná,BR,1
0000-0001-5646-3870,Patrik O’Brian Holt,Heriot-Watt University,GB,1
,Latha Karthigaa Murugesan,University of Auckland,NZ,1
0000-0001-5555-3487,Eduardo Guerra,Free University of Bozen-Bolzano,IT,1
0000-0001-9030-6940,Donatella Sciuto,Politecnico di Milano,IT,1
,Kunal Chavan,Vellore Institute of Technology University,IN,1
0000-0003-4928-7076,John Grundy,Monash University,AU,1
0000-0001-8358-9065,Haiying Wang,University of Ulster,GB,1
0009-0001-3988-761X,Tharushi Bandara,Sri Lanka Institute of Information Technology,LK,1
0000-0003-0878-0614,Detlef Streitferdt,Technische Universität Ilmenau,DE,1
0000-0002-2674-1638,Ying Zhang,University of West London,GB,1
0000-0002-9446-8143,Andreas Kassler,Karlstad University,SE,1
0000-0002-8011-2939,Michael Klafft,Jade University of Applied Sciences,DE,1
0000-0002-8350-7485,Peter Schmid,Stuttgart University of Applied Sciences,DE,1
,Anderson Jorge Serra da Costa,Universidade do Estado do Pará,BR,1
,Chiara Agamennone,,,1
0000-0002-6246-1246,Eduardo Filgueiras Damasceno,Universidade Tecnológica Federal do Paraná,BR,1
0000-0001-7483-1550,Wolfgang Broll,Technische Universität Ilmenau,DE,1
,Carsten Ziegler,,,1
,Kristof Van Laerhoven,University of Siegen,DE,1
,Septia Andriani Pasaribu,University of Brawijaya,ID,1
0000-0002-5469-906X,Chu Zhang,Beihang University,CN,1
0000-0002-1171-9024,Sebastian Rinke,Technische Universität Darmstadt,DE,1
0000-0003-1861-3799,Daniel Lorenz,Technische Universität Darmstadt,DE,1
,M. Kuehl,,,1
0000-0003-2021-6661,Damian Kedziora,Lappeenranta-Lahti University of Technology,FI,1