ID_estudo,Referencia,Soma de Pontos,Status
E01,"Marai, G. E. (2018). Activity-Centered Domain Characterization for Problem-Driven Scientific Visualization. IEEE TVCG, 24(1).",7.5,Incluido
E02,"Carroll, N.; Richardson, I. (2016). Aligning Healthcare Innovation and Software Requirements through Design Thinking. SEHS'16 (Int. Workshop on Software Engineering in Healthcare Systems), ACM.",7,Incluido
E08,"Virvou, M.; Tsihrintzis, G. A. (2023). A Novel Trust State-Chart Model for Requirements Engineering of Trustful AI-Empowered Software. 2023 14th International Conference on Information, Intelligence, Systems & Applications (IISA), IEEE.",4.5,Nota Baixa
E09,"Coutinho, V. O. G.; Souza, M. R. A.; Freire, A. P. (2024). Application of human-centered design practices in the agile requirements engineering process: a case study in a public company. SBQS 2024, ACM.",7.5,Incluido
E12,"Lee, S. H.; Ko, I. Y.; Kang, S.; Lee, D. H. (2010). A usability-pattern-based requirements-analysis method to bridge the gap between user tasks and application features. COMPSAC 2010, IEEE.",7.5,Incluido
E14,"Alloatti, F.; Tasso, R.; Bolioli, A.; Messina, E.; Cantu, D.; Guidorzi, E.; Agamennone, C.; Brunetti, E.; Marinello, R. (2021). Can You Help Me Measure My Blood Sugar? Co-design of a Voice Interface to Assist Patients and Caregivers at Home. ISCC 2021, IEEE.",7.5,Excluido
E19,"Recalde, L.; Jimenez-Pacheco, P.; Mendoza, K.; Meza, J. (2020). Collaboration-based Urban Planning Platform: Modeling Cognition to Co-create Cities. ISI 2020, IEEE.",6,Nota Baixa
E20,"Liu, Z. (2022). Combining i* and Service Blueprint for Service design: a case study of Fliggy. ICCSMT 2022, IEEE.",7,Excluido
E21,"Rodrigues, E.; Souza, S.; Meireles, M.; Lauschner, T.; Maldonado, J. C.; Lima, M.; Conte, T. (2024). Comparing Design Thinking Techniques in the Context of IoT Requirements Elicitation: An Empirical Study. SBQS 2024, ACM.",8,Incluido
E22,"Janchidfah, T.; Pinthong, T. (2025). Design and Development of the EZ Claim Mobile Application through Human-Centered Design Thinking. iSAI-NLP 2025, IEEE.",5.5,Nota Baixa
E23,"Souza, S. R. de; Meireles, M. A. C.; Duarte, J. C.; Maldonado, J. C.; Conte, T. (2022). Design for IoT: An Experimental Study to Understand How Design Thinking Can Help in the Elicitation of Requirements for IoT Systems. SBQS '22: XXI Brazilian Symposium on Software Quality.",8,Incluido
E25,"De Croon, R.; Klerkx, J.; Duval, E. (2014). Designing a Useful and Usable Mobile EMR Application through a Participatory Design Methodology: A Case Study. 2014 IEEE International Conference on Healthcare Informatics (ICHI).",7.5,Incluido
E26,"Dalimunthe, K. N. A.; Sabariah, M. K.; Selviandro, N. (2024). Designing Model Tools of Requirement Elicitation Process for ADHD Children's Learning Application. 2024 International Conference on Electrical Engineering and Computer Science (ICECOS).",6,Nota Baixa
E27,"De Silva, L.; Goonetillake, J.; Wikramanayake, G.; Ginige, T.; Ginige, A.; Vitiello, G.; Sebillo, M.; Di Giovanni, P.; Tortora, G.; Tucci, M. (2014). Design Science Research Based Blended Approach for Usability Driven Requirements Gathering and Application Development. UsARE 2014 (2nd International Workshop on Usability and Accessibility Focused Requirements Engineering), IEEE.",7.5,Incluido
E28,"Levy, M.; Huli, C. (2019). Design Thinking in a Nutshell for Eliciting Requirements of a Business Process: A Case Study of a Design Thinking Workshop. 2019 IEEE 27th International Requirements Engineering Conference (RE).",7,Excluido
E29,"Kahan, E.; Genero, M.; Bernárdez, B.; Oliveros, A. (2025). Design Thinking in Requirements Engineering: Understanding the Role of Internal and External Empathy. 2025 IEEE 33rd International Requirements Engineering Conference (RE).",8,Incluido
E30,"Mirza, M. S.; Datta, S. (2020). Developing Software Using Agile and Design Thinking Framework. 2020 International Conference on Computational Science and Computational Intelligence (CSCI).",5.5,Nota Baixa
E32,"Haddad, F. B. B.; Dias, L. M. N.; Corrêa, C. G.; Peres, L. M. (2023). Discovery of Socio-technical Requirements for the Design of a Digital Educational Game. XIX Brazilian Symposium on Information Systems (SBSI '23), ACM.",7.5,Incluido
E36,"Meireles, M. A. C.; Rocha, S.; Duarte, J. C.; Conte, T.; Maldonado, J. C. (2022). Evaluating Approaches to Selecting Design Thinking Techniques: Quantitative and Qualitative Analysis. Brazilian Symposium on Software Quality (SBQS '22).",7.5,Incluido
E38,"Losada, B. (2018). Flexible Requirement Development through User Objectives in an Agile-UCD Hybrid Approach. Interacción 2018 (Proceedings of the XIX International Conference on Human Computer Interaction), Palma, Spain.",6.5,Incluido
E40,"Costa, A. J. S. da; Abreu, V. L.; Pinheiro, A. L. C.; Souza, C. R. B. de. (2025). Fostering Organizational Creativity by Integrating Design Thinking and Intrapreneurship. IEEE Software, v. 42, n. 3 (May/June 2025).",7,Incluido
E43,"Otuu, O. O.; Sahoo, D. (2025). How Should We Design Technology With Diverse Stakeholders Who Wish Not to Attend Design Activities Together?. CHI Conference on Human Factors in Computing Systems (CHI '25).",7.5,Incluido
E45,"Schön, E.-M.; Thomaschewski, J.; Escalona, M. J. (2017). Identifying Agile Requirements Engineering Patterns in Industry. EuroPLoP '17 (22nd European Conference on Pattern Languages of Programs).",7.5,Incluido
E46,"Murugesan, L. K.; Hoda, R.; Salcic, Z. (2017). Identifying Design Features using Combination of Requirements Elicitation Techniques. 2017 IEEE/ACM 1st International Workshop on Design and Innovation in Software Engineering (DISE).",7.5,Incluido
E47,"Alhazmi, A.; Huang, S. (2020). Integrating Design Thinking into Scrum Framework in the Context of Requirements Engineering Management. Proceedings of 2020 3rd International Conference on Computer Science and Software Engineering (CSSE'20).",6.5,Incluido
E48,"Anitha, P. C.; Prabhu, B. (2012). Integrating Requirements Engineering and User Experience Design in Product Life Cycle Management. UsARE 2012, Zurich, Switzerland.",6,Nota Baixa
E51,"Cunningham, M.; Cunningham, P. M.; van Greunen, D.; Kanjo, C.; Kweyu, E.; Tilahun, B. (2018). mHealth4Afrika Beta v1 Validation in Rural and Deep Rural Clinics in Ethiopia, Kenya, Malawi and South Africa. Proceedings of IEEE.",7.5,Incluido
E53,"De, S. (2021). Minimal Satisfiable Product: A Novel Concept in Agile Project Management for better adherence to Customer Requirements. 2021 International Conference on Smart Generation Computing, Communication and Networking (SMART GENCON).",5.5,Nota Baixa
E54,"Levy, M.; Spitzer, S.; Pauzner, M. (2022). Multifaceted Requirements Engineering: Developing A MESH (Municipal-Environmental-Social-Health) Platform. 2022 IEEE 30th International Requirements Engineering Conference Workshops (REW).",6,Nota Baixa
E57,"Meireles, M. A. C.; Conte, T.; Souza, A. F. B.; Maldonado, J. (2021). Organizing the Design Thinking Toolbox: Supporting the Requirements Elicitation Decision Making. SBES '21.",7.5,Incluido
E58,"Mulvenna, M.; Zheng, H.; Bond, R.; McAllister, P.; Wang, H.; Riestra, R. (2017). Participatory Design-based Requirements Elicitation Involving People Living with Dementia Towards a Home-based Platform to Monitor Emotional Wellbeing. 2017 IEEE International Conference on Bioinformatics and Biomedicine (BIBM).",7,Incluido
E59,"Romero-Untiveros, L.; Paredes-Guerrero, K.; Lara-Herrera, J.; Ullon-Ramírez, A.; Chiroque-Zanabria, E. (2025). Project-Based Learning with Real-World Projects for Requirements Engineering Education: A Case Study at a University in Lima, Peru. 2025 International Symposium on Accreditation of Engineering and Computing Education (ICACIT).",7.5,Excluido
E63,"Kyakulumbye, S.; Pather, S.; Bagula, A. (2020). Smart City Citizens' Service Provision using Participatory Design and Participatory Sensing: Lessons for Developing Cities. IST-Africa 2020 Conference Proceedings.",8,Incluido
E64,"Haddad, F. B. B.; Almeida, E. M.; Gimenez, C.; L'Erario, A.; Peres, L. M. (2024). Socially Aware Design Workshop to Discover Socio-Technical Requirements: Planning, Execution, and Results. 2024 IEEE Frontiers in Education Conference (FIE).",8,Incluido
E67,"Pinheiro, E. G.; Lopes, L. A.; Conte, T. U.; Zaina, L. A. M. (2018). The contribution of non-technical stakeholders on the specification of UX requirements: an experimental study using the proto-persona technique. XXXII Brazilian Symposium on Software Engineering (SBES 2018).",7.5,Incluido
E70,"Newman, P.; Ferrario, M. A.; Simm, W.; Forshaw, S.; Friday, A.; Whittle, J. (2015). The Role of Design Thinking and Physical Prototyping in Social Software Engineering. 2015 IEEE/ACM 37th IEEE International Conference on Software Engineering (ICSE) - Software Engineering in Society.",7.5,Incluido
E72,"Alkhomsan, M. N.; Baslyman, M.; Alshayeb, M. (2022). Toward Emotion-Oriented Requirements Engineering: A Case Study of a Virtual Clinics Application. 2022 IEEE 30th International Requirements Engineering Conference Workshops (REW).",6.5,Incluido
E74,"Pereira, L.; Parizi, R.; Prestes, M.; Marczak, S.; Conte, T. (2021). Towards an Understanding of Benefits and Challenges in the Use of Design Thinking in Requirements Engineering. The 36th ACM/SIGAPP Symposium on Applied Computing (SAC '21).",7,Incluido
E75,"Amiribesheli, M.; Bouchachia, A. (2016). Towards Dementia-friendly Smart Homes. 2016 IEEE 40th Annual Computer Software and Applications Conference (COMPSAC).",7.5,Incluido
E79,"Levy, M.; Krebs, A.; Hadar, I.; Barak, I. (2021). When the Developers Become the (Micro) Crowd: An Educational Case Study on Multidisciplinary Requirements Engineering. 2021 IEEE 29th International Requirements Engineering Conference Workshops (REW).",6.5,Incluido