id,autores,ano,titulo,veiculo,tipo_veiculo,doi,base,dominio,dominio_agrupado,contexto,contexto_agrupado,nota_qa,grupo_rq4
E01,"Marai, G. Elisabeta",2018,Activity-Centered Domain Characterization for Problem-Driven Scientific Visualization,IEEE Transactions on Visualization and Computer Graphics,periódico,10.1109/TVCG.2017.2744459,IEEE Xplore,Visualização científica,Visualização científica,Acadêmico,Acadêmico,"7,5",A
E02,"Carroll, Noel and Richardson, Ita",2016,Aligning Healthcare Innovation and Software Requirements through Design Thinking,Proc. Int. Workshop on Software Engineering in Healthcare Systems (SEHS'16),workshop,10.1145/2897683.2897687,IEEE Xplore,Saúde,Saúde,Industrial,Industrial,7,A
E09,"Coutinho, Viviane de Oliveira Garcia and Souza, Maurício Ronny de Almeida and Freire, André Pimenta",2024,Application of Human-Centered Design Practices in the Agile Requirements Engineering Process: a Case Study in a Public Company,Proc. XXIII Brazilian Symposium on Software Quality (SBQS 2024),conferência,10.1145/3701625.3701635,ACM DL,Governo/e-gov,Cidades/governo digital,Industrial,Industrial,"7,5",D
E12,"Lee, Sang-Hyun and Ko, In-Young and Kang, Sungwon and Lee, Dan-Hyung",2010,A Usability-Pattern-Based Requirements-Analysis Method to Bridge the Gap between User Tasks and Application Features,Proc. 34th Annual IEEE Computer Software and Applications Conference (COMPSAC),conferência,10.1109/COMPSAC.2010.39,IEEE Xplore,Genérico (móvel),Genérico/indústria de software,Acadêmico,Acadêmico,"7,5",A
E21,"Rodrigues, Eriky and Souza, Sabrina and Meireles, Maria and Lauschner, Tanara and Maldonado, José Carlos and Lima, Marcia and Conte, Tayana",2024,Comparing Design Thinking Techniques in the Context of IoT Requirements Elicitation: An Empirical Study,Proc. XXIII Brazilian Symposium on Software Quality (SBQS 2024),conferência,10.1145/3701625.3701693,ACM DL,IoT,IoT/Smart Home,Acadêmico,Acadêmico,8,B
E23,"Souza, Sabrina R. and Meireles, Maria Alcimar C. and Duarte, José Carlos and Maldonado, José Carlos and Conte, Tayana",2022,Design for IoT: An Experimental Study to Understand How Design Thinking Can Help in the Elicitation of Requirements for IoT Systems,Proc. XXI Brazilian Symposium on Software Quality (SBQS '22),conferência,10.1145/3571473.3571483,ACM DL,IoT/Smart Home,IoT/Smart Home,Acadêmico,Acadêmico,8,D
E25,"De Croon, Robin and Klerkx, Joris and Duval, Erik",2014,Designing a Useful and Usable Mobile EMR Application through a Participatory Design Methodology: A Case Study,Proc. 2014 IEEE International Conference on Healthcare Informatics (ICHI),conferência,10.1109/ICHI.2014.31,IEEE Xplore,Saúde,Saúde,Campo,Campo/comunidade,"7,5",D
E27,"De Silva, L. N. C. and Goonetillake, J. S. and Wikramanayake, G. N. and Ginige, T. and Ginige, A. and Vitiello, G. and Sebillo, M. and Di Giovanni, P. and Tortora, G. and Tucci, M.",2014,Design Science Research Based Blended Approach for Usability Driven Requirements Gathering and Application Development,Proc. 2nd IEEE Int. Workshop on Usability and Accessibility Focused Requirements Engineering (UsARE),workshop,10.1109/UsARE.2014.6890996,IEEE Xplore,Agricultura,Agricultura,Campo,Campo/comunidade,"7,5",A
E29,"Kahan, Ezequiel and Genero, Marcela and Bernárdez, Beatriz and Oliveros, Alejandro",2025,Design Thinking in Requirements Engineering: Understanding the Role of Internal and External Empathy,Proc. 2025 IEEE 33rd International Requirements Engineering Conference (RE),conferência,10.1109/RE63999.2025.00016,IEEE Xplore,Serviços (adoção de animais),Serviços,Acadêmico,Acadêmico,8,A
E32,"Haddad, Flávia Belintani Blum and Dias, Luiz Miguel Naldi and Corrêa, Cléber Gimenez and Peres, Letícia Mara",2023,Discovery of Socio-Technical Requirements for the Design of a Digital Educational Game,Proc. XIX Brazilian Symposium on Information Systems (SBSI '23),conferência,10.1145/3592813.3592903,ACM DL,Educação (jogo),Educação,Acadêmico,Acadêmico,"7,5",A
E36,"Meireles, Maria Alcimar C. and Rocha, Sabrina and Duarte, José Carlos and Conte, Tayana and Maldonado, José Carlos",2022,Evaluating Approaches to Selecting Design Thinking Techniques: Quantitative and Qualitative Analysis,Proc. XXI Brazilian Symposium on Software Quality (SBQS '22),conferência,10.1145/3571473.3571482,ACM DL,Genérico,Genérico/indústria de software,Acadêmico,Acadêmico,"7,5",C
E38,"Losada, Bego\~na",2018,Flexible Requirement Development through User Objectives in an Agile-UCD Hybrid Approach,Proc. XIX International Conference on Human Computer Interaction (Interacción 2018),conferência,10.1145/3233824.3233865,ACM DL,Genérico (web/móvel),Genérico/indústria de software,Acadêmico,Acadêmico,"6,5",A
E40,"Costa, Anderson Jorge Serra da and Abreu, Vanessa Lopes and Pinheiro, André L. C. and Souza, Cleidson R. B. de",2025,Fostering Organizational Creativity by Integrating Design Thinking and Intrapreneurship,IEEE Software,periódico,10.1109/MS.2025.3539950,IEEE Xplore,Indústria de software,Genérico/indústria de software,Industrial,Industrial,7,D
E43,"Otuu, Obinna Ogbonnia and Sahoo, Deepak",2025,How Should We Design Technology With Diverse Stakeholders Who Wish Not to Attend Design Activities Together?,Proc. CHI Conference on Human Factors in Computing Systems (CHI '25),conferência,10.1145/3706598.3714168,ACM DL,Segurança pública,Cidades/governo digital,Campo,Campo/comunidade,"7,5",A
E45,"Sch\""on, Eva-Maria and Thomaschewski, J\""org and Escalona, María José",2017,Identifying Agile Requirements Engineering Patterns in Industry,Proc. European Conference on Pattern Languages of Programs (EuroPLoP '17),conferência,10.1145/3147704.3147733,ACM DL,Genérico ágil,Genérico/indústria de software,Industrial,Industrial,"7,5",C
E46,"Murugesan, Latha Karthigaa and Hoda, Rashina and Salcic, Zoran",2017,Identifying Design Features Using Combination of Requirements Elicitation Techniques,Proc. 1st IEEE/ACM International Workshop on Design and Innovation in Software Engineering (DISE),workshop,10.1109/DISE.2017.9,ACM DL,Energia residencial,Energia/sustentabilidade,Acadêmico,Acadêmico,"7,5",B
E47,"Alhazmi, Alhejab and Huang, Shihong",2020,Integrating Design Thinking into Scrum Framework in the Context of Requirements Engineering Management,Proc. 3rd International Conference on Computer Science and Software Engineering (CSSE '20),conferência,10.1145/3403746.3403902,ACM DL,Genérico ágil,Genérico/indústria de software,Acadêmico,Acadêmico,"6,5",A
E51,"Cunningham, Miriam and Cunningham, Paul M. and van Greunen, Darelle and Kanjo, Chipo and Kweyu, Emmanuel and Tilahun, Binyam",2018,"mHealth4Afrika Beta v1 Validation in Rural and Deep Rural Clinics in Ethiopia, Kenya, Malawi and South Africa",Proc. 2018 IEEE Global Humanitarian Technology Conference (GHTC),conferência,10.1109/GHTC.2018.8601681,IEEE Xplore,Saúde (mHealth),Saúde,Campo,Campo/comunidade,"7,5",D
E57,"Meireles, Maria Alcimar C. and Conte, Tayana and Souza, Anderson Felipe B. de and Maldonado, José",2021,Organizing the Design Thinking Toolbox: Supporting the Requirements Elicitation Decision Making,Proc. Brazilian Symposium on Software Engineering (SBES '21),conferência,10.1145/3474624.3477064,ACM DL,Genérico,Genérico/indústria de software,Misto,Misto,"7,5",C
E58,"Mulvenna, Maurice and Zheng, Huiru and Bond, Raymond and McAllister, Patrick and Wang, Hui and Riestra, Ruben",2017,Participatory Design-Based Requirements Elicitation Involving People Living with Dementia Towards a Home-Based Platform to Monitor Emotional Wellbeing,Proc. 2017 IEEE International Conference on Bioinformatics and Biomedicine (BIBM),conferência,10.1109/BIBM.2017.8217972,IEEE Xplore,Saúde (demência),Saúde,Campo,Campo/comunidade,7,B
E63,"Kyakulumbye, Stephen and Pather, Shaun and Bagula, Antoine",2020,Smart City Citizens' Service Provision Using Participatory Design and Participatory Sensing: Lessons for Developing Cities,Proc. 2020 IST-Africa Conference (IST-Africa),conferência,,IEEE Xplore,Smart city/e-gov,Cidades/governo digital,Campo,Campo/comunidade,8,A
E64,"Haddad, Flávia Belintani Blum and Almeida, Eduarda M. and Gimenez, Cléber and L'Erario, Alexandre and Peres, Letícia M.",2024,"Socially Aware Design Workshop to Discover Socio-Technical Requirements: Planning, Execution, and Results",Proc. 2024 IEEE Frontiers in Education Conference (FIE),conferência,10.1109/FIE61694.2024.10893051,IEEE Xplore,Educação (RPG),Educação,Acadêmico,Acadêmico,8,A
E67,"Pinheiro, Eduardo Gouveia and Lopes, Larissa Albano and Conte, Tayana Uchôa and Zaina, Luciana Aparecida Martinez",2018,The Contribution of Non-Technical Stakeholders on the Specification of UX Requirements: An Experimental Study Using the Proto-Persona Technique,Proc. 32nd Brazilian Symposium on Software Engineering (SBES 2018),conferência,10.1145/3266237.3266268,ACM DL,Educação (m-learning),Educação,Acadêmico,Acadêmico,"7,5",B
E70,"Newman, Peter and Ferrario, Maria Angela and Simm, Will and Forshaw, Stephen and Friday, Adrian and Whittle, Jon",2015,The Role of Design Thinking and Physical Prototyping in Social Software Engineering,Proc. 37th IEEE/ACM International Conference on Software Engineering (ICSE),conferência,10.1109/ICSE.2015.181,IEEE Xplore,Energia/sustentabilidade,Energia/sustentabilidade,Campo,Campo/comunidade,"7,5",A
E72,"Alkhomsan, Mashail N. and Baslyman, Malak and Alshayeb, Mohammad",2022,Toward Emotion-Oriented Requirements Engineering: A Case Study of a Virtual Clinics Application,Proc. 2022 IEEE 30th International Requirements Engineering Conference Workshops (REW),workshop,10.1109/REW56159.2022.00017,IEEE Xplore,Saúde (clínicas virtuais),Saúde,Industrial,Industrial,"6,5",B
E74,"Pereira, Lauriane and Parizi, Rafael and Prestes, Matheus and Marczak, Sabrina and Conte, Tayana",2021,Towards an Understanding of Benefits and Challenges in the Use of Design Thinking in Requirements Engineering,Proc. 36th ACM/SIGAPP Symposium on Applied Computing (SAC '21),conferência,10.1145/3412841.3442008,ACM DL,Genérico ágil,Genérico/indústria de software,Industrial,Industrial,7,D
E75,"Amiribesheli, Mohsen and Bouchachia, Abdelhamid",2016,Towards Dementia-Friendly Smart Homes,Proc. 2016 IEEE 40th Annual Computer Software and Applications Conference (COMPSAC),conferência,10.1109/COMPSAC.2016.211,IEEE Xplore,Saúde (smart home),Saúde,Acadêmico,Acadêmico,"7,5",A
E79,"Levy, Meira and Krebs, Assaf and Hadar, Irit and Barak, Idit",2021,When the Developers Become the (Micro) Crowd: An Educational Case Study on Multidisciplinary Requirements Engineering,Proc. 2021 IEEE 29th International Requirements Engineering Conference Workshops (REW),workshop,10.1109/REW53955.2021.00055,IEEE Xplore,Social (solidão),Social,Acadêmico,Acadêmico,"6,5",A
